City_ID,City,Lat,Lng,Max Temp,Humidity,Cloudiness,Wind Speed,Country,Date
0,taoudenni,22.6783,-3.9836,14.4,30,0,3.45,ML,1674460419
1,vaini,-21.2,-175.2,27.09,94,20,2.57,TO,1674460419
2,hue,16.4667,107.6,24.06,83,75,3.09,VN,1674460354
3,alice springs,27.7523,-98.0697,11.42,56,0,2.57,US,1674460419
4,saskylakh,71.9167,114.0833,-29.2,88,100,1.1,RU,1674460419
5,bubaque,11.2833,-15.8333,22.72,73,4,5.99,GW,1674460419
6,salisbury,51.0693,-1.7957,-2.47,97,0,3.09,GB,1674460192
7,busselton,-33.65,115.3333,30.57,36,0,8.4,AU,1674460419
8,jamestown,42.097,-79.2353,0.01,75,100,4.63,US,1674460420
9,puerto ayora,36.5939,-6.233,5.14,64,0,4.12,ES,1674460420
10,monchegorsk,67.9397,32.8739,-12.56,92,51,4.68,RU,1674460420
11,queenstown,-31.8976,26.8753,26.47,41,0,2.51,ZA,1674460420
12,kalmunai,7.4167,81.8167,27.34,76,78,5.35,LK,1674460421
13,mataura,-46.1927,168.8643,11.33,71,7,1.88,NZ,1674460421
14,atuona,-9.8,-139.0333,26.1,77,63,9.59,PF,1674460421
15,poronaysk,49.2167,143.1167,-21.62,98,67,2.19,RU,1674460421
16,opotiki,-38.0833,177.2833,16.53,88,100,1.43,NZ,1674460421
17,upernavik,72.7868,-56.1549,-23.94,73,100,4.1,GL,1674460405
18,mount gambier,53.6597,-1.8537,3.78,89,100,1.17,GB,1674460421
19,chokurdakh,70.6333,147.9167,-44.73,100,63,0.71,RU,1674460421
20,kapaa,22.0752,-159.319,21.99,92,6,0.45,US,1674460422
21,bensonville,6.4461,-10.6125,23.75,93,100,1.5,LR,1674460422
22,ushuaia,-54.8,-68.3,11.81,50,0,4.63,AR,1674460422
23,butaritari,3.0707,172.7902,27.28,77,99,5.58,KI,1674460422
24,schmallenberg,51.15,8.3,0.25,93,100,2.56,DE,1674460423
25,anito,12.4497,125.2886,27.04,78,76,5.4,PH,1674460423
26,salalah,17.0151,54.0924,24.41,56,9,3.76,OM,1674460423
27,port-gentil,-0.7193,8.7815,26.98,78,40,2.06,GA,1674460423
28,longyearbyen,78.2186,15.6401,0.91,55,20,6.69,SJ,1674460424
29,castro,-24.7911,-50.0119,16.67,93,98,0.14,BR,1674460424
30,angul,20.85,85.1,32.2,21,55,1.55,IN,1674460424
31,lompoc,34.6391,-120.4579,8.4,64,0,5.81,US,1674460425
32,iqaluit,63.7506,-68.5145,-24.15,77,40,3.6,CA,1674460425
33,vao,-22.6667,167.4833,26.59,84,100,5.62,NC,1674460425
34,izmalkovo,52.6887,37.964,-2.68,69,90,3.83,RU,1674460426
35,vardo,70.3705,31.1107,-2.01,86,20,9.77,NO,1674460426
36,arraial do cabo,-22.8362,-46.646,17.27,95,55,1.11,BR,1674460427
37,letnik,46.011,41.2657,2.9,70,82,9.17,RU,1674460427
38,cherlak,54.155,74.8055,-8.02,94,97,4.67,RU,1674460427
39,east london,65.0,-15.0,-5.14,56,73,2.57,IS,1674460427
40,fortuna,40.5982,-124.1573,8.14,81,0,6.69,US,1674460427
41,narsaq,60.9167,-46.05,-12.76,67,100,3.72,GL,1674460428
42,georgetown,5.4112,100.3354,30.96,70,20,4.63,MY,1674460334
43,westport,41.1415,-73.3579,4.38,94,100,4.47,US,1674460428
44,mahebourg,-20.4081,57.7,28.16,74,75,4.12,MU,1674460428
45,ponta do sol,38.7333,-28.2667,13.7,81,90,10.73,PT,1674460428
46,hilo,19.7297,-155.09,22.38,94,3,0.89,US,1674460429
47,port elizabeth,-7.0349,29.7638,24.62,63,94,1.1,CD,1674460429
48,port alfred,-7.0349,29.7638,24.62,63,94,1.1,CD,1674460429
49,olafsvik,64.8945,-23.7142,2.78,61,100,6.52,IS,1674460429
50,rikitea,-23.1203,-134.9692,26.15,76,0,7.1,PF,1674460429
51,north bend,50.3333,3.6667,3.16,95,100,3.55,FR,1674460258
52,punta arenas,8.9897,125.34,23.05,96,100,1.82,PH,1674460430
53,hermanus,-34.4187,19.2345,26.56,70,0,3.08,ZA,1674460430
54,mabaruma,8.2,-59.7833,20.89,99,48,1.29,GY,1674460430
55,palmas de monte alto,-10.2128,-48.3603,20.93,100,20,1.54,BR,1674460430
56,fort nelson,52.6517,6.3861,2.33,95,100,2.48,NL,1674460431
57,isangel,-19.55,169.2667,27.63,83,99,1.91,VU,1674460431
58,katsuura,35.1333,140.3,10.26,79,99,1.15,JP,1674460431
59,hithadhoo,-0.6,73.0833,27.06,75,15,2.19,MV,1674460431
60,maningrida,-12.0667,134.2667,24.3,89,100,4.32,AU,1674460432
61,bambanglipuro,-7.95,110.2833,29.13,69,99,4.69,ID,1674460432
62,guilin,25.2819,110.2864,9.06,72,100,3.73,CN,1674460432
63,eenhana,-17.4667,16.3333,23.63,70,76,2.56,NA,1674460432
64,cape town,-36.413,-71.9028,12.4,64,0,2.02,CL,1674460433
65,bukachacha,52.9833,116.9167,-26.24,84,54,1.64,RU,1674460433
66,chernaya kholunitsa,55.7461,38.0689,-3.62,93,71,1.43,RU,1674460433
67,qaanaaq,77.484,-69.3632,-33.57,50,0,3.59,GL,1674460433
68,pochutla,15.7432,-96.4661,23.23,71,0,1.42,MX,1674460433
69,mar del plata,43.4002,-4.0094,8.34,78,75,1.03,ES,1674460433
70,clyde river,41.3042,-82.9752,0.32,93,94,3.43,US,1674460434
71,carauari,-4.8828,-66.8958,21.83,99,84,0.85,BR,1674460434
72,gat,31.61,34.7642,20.22,100,0,1.08,IL,1674460434
73,yellowknife,62.456,-114.3525,-15.71,85,100,4.12,CA,1674460240
74,provideniya,64.3833,-173.3,-21.51,80,35,7.65,RU,1674460434
75,dicabisagan,17.0818,122.4157,26.26,74,55,2.41,PH,1674460435
76,bluff,-46.6,168.3333,13.1,62,10,3.77,NZ,1674460435
77,ponta delgada,38.7333,-28.2667,13.7,81,90,10.73,PT,1674460428
78,sitka,57.0531,-135.33,5.94,87,100,4.12,US,1674460435
79,kaitangata,-46.2817,169.8464,12.33,68,5,3.92,NZ,1674460435
80,huntsville,34.7304,-86.5861,6.42,93,100,3.09,US,1674460436
81,alta floresta,69.9689,23.2717,-2.41,64,0,4.63,NO,1674460436
82,chapais,49.7834,-74.8492,-9.12,99,100,1.67,CA,1674460436
83,ahuimanu,21.4447,-157.8378,24.86,84,10,3.1,US,1674460436
84,hualmay,-11.0964,-77.6139,20.98,82,96,2.43,PE,1674460437
85,cap-aux-meules,47.3821,-61.8597,-0.99,93,100,4.63,CA,1674460437
86,ostersund,63.1792,14.6357,-13.75,92,0,0.51,SE,1674460437
87,khatanga,71.9667,102.5,-42.85,98,51,0.53,RU,1674460437
88,haines junction,59.2286,-135.4441,1.86,93,100,6.17,US,1674460438
89,hobart,-42.8794,147.3294,22.92,67,40,5.66,AU,1674460438
90,valdivia,-39.8142,-73.2459,9.05,97,8,0.5,CL,1674460321
91,waipawa,-41.4122,175.5153,12.11,79,32,1.62,NZ,1674460438
92,bredasdorp,-34.5322,20.0403,26.14,55,5,0.99,ZA,1674460438
93,flin flon,48.4982,6.6557,0.77,88,100,5.34,FR,1674460439
94,faya,18.3851,42.4509,16.29,48,4,2.6,SA,1674460439
95,sakaide,34.3167,133.85,8.79,96,75,2.57,JP,1674460318
96,kralendijk,12.15,-68.2667,25.99,78,75,6.17,BQ,1674460439
97,bitkine,11.9801,18.2138,26.9,15,100,3.79,TD,1674460439
98,mandalgovi,45.7625,106.2708,-24.13,40,0,8.16,MN,1674460440
99,touros,-5.1989,-35.4608,25.59,82,16,3.6,BR,1674460440
100,yamada,39.4667,141.95,1.11,90,95,4.91,JP,1674460440
101,norman wells,35.2226,-97.4395,-0.03,86,0,1.54,US,1674460440
102,terney,45.0503,136.6092,-15.15,65,100,3.23,RU,1674460440
103,fare,-16.7,-151.0167,25.89,72,100,4.63,PF,1674460440
104,albany,42.6001,-73.9662,0.36,93,100,1.68,US,1674460441
105,tuatapere,-46.1333,167.6833,11.69,68,17,2.23,NZ,1674460441
106,constantine,36.365,6.6147,1.67,80,75,1.54,DZ,1674460441
107,vanderhoof,54.0166,-124.0198,-3.06,93,100,1.95,CA,1674460441
108,hasaki,35.7333,140.8333,6.27,75,100,1.77,JP,1674460441
109,nampula,-15.1165,39.2666,26.97,74,75,4.12,MZ,1674460441
110,avarua,-21.2078,-159.775,24.03,94,27,0.51,CK,1674460442
111,herat,34.5,62.0,1.73,48,0,3.29,AF,1674460442
112,avera,33.194,-82.5271,8.73,87,71,6.21,US,1674460442
113,airai,-8.9266,125.4092,19.98,77,100,1.14,TL,1674460443
114,cockburn town,-32.0833,141.0,31.91,17,97,2.44,AU,1674460443
115,barrow,71.2906,-156.7887,-20.99,84,100,6.17,US,1674460443
116,cap malheureux,49.2718,-1.2104,3.79,80,94,3.15,FR,1674460443
117,llangefni,53.2556,-4.3106,7.67,52,100,8.23,GB,1674460443
118,nantucket,41.2835,-70.0995,9.52,98,100,6.17,US,1674460443
119,new norfolk,6.6518,-10.5932,22.82,95,100,1.28,LR,1674460150
120,ribeira grande,42.7461,-8.4439,5.84,88,20,1.54,ES,1674460444
121,trat,12.5,102.5,36.11,34,28,4.82,TH,1674460362
122,vila franca do campo,42.0304,-8.1588,-3.51,91,1,2.24,PT,1674460444
123,pevek,69.7008,170.3133,-31.76,90,92,0.64,RU,1674460444
124,suraabad,40.8192,49.4687,6.39,63,6,5.0,AZ,1674460445
125,kahului,20.8947,-156.47,23.8,85,19,1.79,US,1674460445
126,nouakchott,18.0858,-15.9785,12.96,35,0,5.15,MR,1674460253
127,kirakira,-10.4544,161.9205,25.9,83,100,2.29,SB,1674460445
128,kodiak,57.79,-152.4072,2.44,98,100,3.4,US,1674460445
129,mayskiy,47.6931,40.1025,-1.33,64,66,7.95,RU,1674460446
130,glendive,47.1053,-104.7125,-0.21,84,75,9.77,US,1674460446
131,nikolskoye,59.7035,30.7861,-4.06,93,89,0.49,RU,1674460446
132,dikson,73.5069,80.5464,-25.3,91,87,10.11,RU,1674460446
133,saint-pierre,-21.3393,55.4781,25.82,83,100,1.54,RE,1674460446
134,tongliao,43.6125,122.2653,-19.11,28,8,6.3,CN,1674460447
135,darhan,49.4867,105.9228,-28.49,86,6,3.08,MN,1674460448
136,namibe,-15.1961,12.1522,23.11,79,100,2.75,AO,1674460449
137,bambous virieux,-20.2567,57.4061,27.53,83,100,2.56,MU,1674460449
138,wyndham,37.6985,-77.6125,4.37,90,100,0.45,US,1674460450
139,shimoda,34.6667,138.95,8.2,75,97,2.36,JP,1674460171
140,mys shmidta,62.0589,48.6201,-9.65,97,98,2.27,RU,1674460450
141,carnarvon,-24.8667,113.6333,25.71,72,54,10.31,AU,1674460450
142,goure,13.9835,10.2704,22.5,12,100,4.15,NE,1674460450
143,korla,41.7597,86.1469,-8.07,56,0,0.59,CN,1674460450
144,chuy,-33.6971,-53.4616,19.22,81,100,0.65,UY,1674460451
145,lebu,-37.6167,-73.65,13.24,93,4,3.55,CL,1674460451
146,kovdor,67.5662,30.4758,-7.46,88,25,5.57,RU,1674460451
147,vila velha,42.0304,-8.1588,-3.51,91,1,2.24,PT,1674460444
148,evensk,61.95,159.2333,-14.46,89,100,11.69,RU,1674460451
149,hamilton,39.1834,-84.5333,0.79,93,98,1.34,US,1674460451
150,alihe,50.5667,123.7167,-25.64,78,100,3.04,CN,1674460452
151,cayenne,4.9333,-52.3333,25.02,88,75,2.57,GF,1674460452
152,san patricio,13.3034,-4.8956,24.27,16,42,2.51,ML,1674460452
153,half moon bay,6.3807,-10.6953,23.94,90,99,1.46,LR,1674460452
154,brewster,41.3973,-73.6171,3.34,96,100,1.34,US,1674460452
155,tuktoyaktuk,69.4541,-133.0374,-23.8,95,100,3.66,CA,1674460453
156,port macquarie,-7.0349,29.7638,24.62,63,94,1.1,CD,1674460429
157,saldanha,-33.0117,17.9442,23.03,81,13,3.77,ZA,1674460453
158,mayumba,-3.432,10.6554,26.14,85,100,0.92,GA,1674460453
159,tasiilaq,65.6145,-37.6368,-14.32,57,48,2.44,GL,1674460454
160,saint-philippe,-21.3585,55.7679,25.77,77,100,2.86,RE,1674460454
161,yerbogachen,61.2767,108.0108,-33.09,95,100,3.04,RU,1674460455
162,ariguani,10.25,-74.0,22.66,62,0,1.35,CO,1674460455
163,broome,42.2506,-75.833,0.95,91,100,2.06,US,1674460455
164,fairbanks,64.8378,-147.7164,-26.0,76,100,0.0,US,1674460455
165,san policarpo,13.3034,-4.8956,24.27,16,42,2.51,ML,1674460455
166,kangaatsiaq,68.3065,-53.4641,-16.04,89,100,3.41,GL,1674460456
167,bar-le-duc,48.75,5.1667,1.21,74,94,6.32,FR,1674460456
168,esperance,-33.8667,121.9,24.09,56,0,8.63,AU,1674460456
169,hanchuan,30.65,113.7667,8.06,49,93,7.99,CN,1674460456
170,ilulissat,69.2167,-51.1,-13.76,96,100,3.55,GL,1674460457
171,cagayan de tawi-tawi,6.9747,118.5144,26.77,83,100,8.51,PH,1674460457
172,bathsheba,13.2167,-59.5167,26.34,78,40,10.8,BB,1674460457
173,chulman,56.8479,124.9104,-30.89,93,100,4.6,RU,1674460457
174,bartica,6.4,-58.6167,24.18,99,84,0.34,GY,1674460457
175,itaituba,-4.2761,-55.9836,21.34,99,75,0.81,BR,1674460457
176,spanish town,46.1932,-82.3473,-1.99,95,61,1.91,CA,1674460458
177,caibarien,22.5206,-79.4669,20.68,77,2,2.11,CU,1674460458
178,whyalla,-33.0333,137.5833,24.88,53,73,11.63,AU,1674460458
179,meulaboh,4.1363,96.1285,25.39,87,100,1.65,ID,1674460459
180,kawalu,-7.3817,108.2082,27.54,75,100,1.01,ID,1674460459
181,sorland,67.667,12.6934,3.92,81,75,17.49,NO,1674460459
182,puerto madryn,36.5939,-6.233,5.14,64,0,4.12,ES,1674460420
183,pangnirtung,66.1451,-65.7125,-27.9,97,100,1.59,CA,1674460460
184,bardiyah,31.7561,25.0865,14.64,59,0,3.02,LY,1674460460
185,taiyuan,37.8694,112.5603,-4.08,18,0,10.0,CN,1674460246
186,dunedin,-45.8742,170.5036,14.33,62,59,3.58,NZ,1674460460
187,dangriga,16.9692,-88.2321,24.39,84,2,1.39,BZ,1674460460
188,burnie,-41.0667,145.9167,21.64,64,1,2.45,AU,1674460453
189,dongsheng,39.8161,109.9776,-18.24,45,78,9.68,CN,1674460461
190,goderich,43.7501,-81.7165,-2.27,93,20,1.54,CA,1674460461
191,port hedland,-7.0349,29.7638,24.62,63,94,1.1,CD,1674460429
192,pasareni,46.4833,24.7,1.78,72,34,1.04,RO,1674460462
193,najran,17.4924,44.1277,19.36,21,0,1.11,SA,1674460462
194,comodoro rivadavia,-13.6631,-59.7858,19.79,95,100,1.55,BR,1674460462
195,veraval,20.9,70.3667,23.43,33,2,4.12,IN,1674460339
196,baker city,30.5882,-91.1682,6.58,79,0,2.69,US,1674460462
197,egvekinot,66.3167,-179.1667,-28.57,83,48,5.27,RU,1674460462
198,victor harbor,42.9826,-77.4089,0.93,94,100,2.49,US,1674460390
199,honningsvag,70.9821,25.9704,-0.14,80,75,11.32,NO,1674460463
200,artsyz,45.9919,29.4182,2.4,68,30,4.84,UA,1674460463
201,grand river south east,38.8755,-109.5012,-2.83,72,100,3.41,US,1674460463
202,creel,27.75,-107.6333,-3.29,27,0,2.61,MX,1674460464
203,natal,-5.795,-35.2094,25.12,88,40,1.54,BR,1674460464
204,horsham,51.064,-0.3272,0.7,93,0,0.51,GB,1674460464
205,kaeo,-35.1,173.7833,21.29,77,100,0.8,NZ,1674460464
206,inuvik,68.3499,-133.7218,-19.44,81,100,3.6,CA,1674460464
207,opuwo,-18.0607,13.84,22.58,65,95,1.89,NA,1674460206
208,itarema,-2.9248,-39.9167,24.47,88,26,2.96,BR,1674460464
209,hofn,64.2539,-15.2082,0.75,41,100,4.32,IS,1674460465
210,victoria,22.2855,114.1577,23.87,78,5,2.68,HK,1674460213
211,kisber,47.5029,18.0367,0.81,98,100,1.55,HU,1674460465
212,college,64.8569,-147.8028,-26.01,76,100,0.0,US,1674460465
213,okha,53.5739,142.9478,-29.67,93,76,6.29,RU,1674460465
214,gladstone,-23.85,151.25,28.21,61,0,4.63,AU,1674460221
215,vestmannaeyjar,63.4427,-20.2734,0.66,62,100,6.34,IS,1674460465
216,constitucion,-35.3333,-72.4167,15.22,70,0,2.28,CL,1674460465
217,eirunepe,-6.6603,-69.8736,21.42,100,100,0.94,BR,1674460466
218,hambantota,6.1241,81.1185,27.19,94,20,7.2,LK,1674460466
219,viransehir,37.2353,39.7631,12.36,37,0,1.69,TR,1674460466
220,yumen,40.2833,97.2,-10.43,27,0,3.24,CN,1674460466
221,honiara,-9.4333,159.95,26.76,82,96,1.06,SB,1674460331
222,sibut,5.718,19.0739,27.53,19,100,1.82,CF,1674460467
223,aden,12.7794,45.0367,25.36,64,96,7.57,YE,1674460467
224,lasa,46.6166,10.7002,2.23,77,96,1.96,IT,1674460467
225,srednekolymsk,67.45,153.6833,-33.04,97,100,2.57,RU,1674460468
226,griffith,41.5284,-87.4237,-0.51,87,100,4.12,US,1674460468
227,marsaxlokk,35.8419,14.5431,12.82,71,20,2.06,MT,1674460468
228,talnakh,69.4865,88.3972,-29.18,93,61,0.63,RU,1674460469
229,luderitz,-26.6481,15.1594,22.61,60,1,6.43,NA,1674460210
230,teya,60.3778,92.6267,-20.9,96,100,1.83,RU,1674460469
231,halifax,44.6453,-63.5724,2.0,96,100,1.03,CA,1674460469
232,geraldton,-28.7667,114.6,26.23,61,1,6.69,AU,1674460469
233,kawana waters,-23.3335,150.5051,29.95,48,2,3.09,AU,1674460469
234,rampura,30.25,75.2333,22.6,26,69,3.53,IN,1674460470
235,krasnoselkup,65.7,82.4667,-27.14,96,12,4.83,RU,1674460470
236,hilton head island,43.2881,-77.7933,1.66,97,100,2.24,US,1674460470
237,humaita,-7.5061,-63.0208,22.06,99,98,1.11,BR,1674460471
238,vrede,-27.4257,29.1659,25.99,17,0,4.43,ZA,1674460471
239,kavieng,-2.5744,150.7967,28.17,77,100,6.39,PG,1674460471
240,deputatskiy,69.3,139.9,-39.54,100,55,0.94,RU,1674460471
241,poum,-20.2333,164.0167,26.14,87,100,2.97,NC,1674460471
242,gazli,40.1333,63.45,0.6,44,54,2.45,UZ,1674460471
243,mana,5.6592,-53.7767,23.92,88,98,5.2,GF,1674460472
244,kutum,14.2,24.6667,21.26,10,27,4.78,SD,1674460472
245,deniliquin,-35.5333,144.9667,30.49,19,13,2.31,AU,1674460472
246,pangoa,-12.1167,-73.0,18.76,99,97,0.7,PE,1674460472
247,nuevo laredo,33.8014,-117.1459,11.0,29,0,5.36,US,1674460472
248,torbay,47.6666,-52.7314,-3.57,93,0,9.26,CA,1674460473
249,stornoway,58.2093,-6.3865,8.98,91,40,9.77,GB,1674460473
250,thompson,55.7435,-97.8558,-20.91,84,75,3.09,CA,1674460473
251,wolfsburg,52.4333,10.8,1.82,99,100,1.67,DE,1674460473
252,mildura,-34.2,142.15,30.32,25,69,4.62,AU,1674460392
253,monrovia,6.3005,-10.7969,23.87,86,98,1.73,LR,1674460474
254,ladario,-19.0047,-57.6017,24.13,77,80,0.59,BR,1674460474
255,kuna,43.4918,-116.4201,-2.55,93,73,4.12,US,1674460474
256,actopan,20.2667,-98.9333,10.69,91,52,1.67,MX,1674460474
257,cherskiy,68.75,161.3,-32.34,89,100,0.95,RU,1674460474
258,durban,-29.8579,31.0292,29.45,80,2,1.79,ZA,1674460391
259,severnyy,50.677,36.5532,-3.98,80,0,4.0,RU,1674460475
260,boyolangu,-8.1181,111.8935,29.6,61,97,3.12,ID,1674460475
261,mantua,45.1667,10.7833,5.75,89,100,2.68,IT,1674460258
262,gua musang,22.2,85.3833,30.75,20,26,1.21,IN,1674460475
263,beringovskiy,63.05,179.3167,-22.32,96,100,6.65,RU,1674460476
264,pallasovka,50.05,46.8833,-2.05,42,11,3.51,RU,1674460476
265,yuanping,38.7153,112.7575,-8.84,25,95,9.26,CN,1674460477
266,naryan-mar,67.6713,53.087,-4.18,94,100,7.07,RU,1674460477
267,mbini,1.574,9.6134,27.77,75,97,1.3,GQ,1674460477
268,leshukonskoye,64.8989,45.7622,-8.96,90,23,3.84,RU,1674460477
269,palmer,42.1584,-72.3287,2.23,84,100,2.57,US,1674460477
270,caravelas,-17.7125,-39.2481,23.76,91,100,3.63,BR,1674460478
271,clinton,42.587,-82.9199,-0.41,90,100,3.09,US,1674460478
272,grand gaube,38.8755,-109.5012,-2.83,72,100,3.41,US,1674460463
273,lorengau,-2.0226,147.2712,27.44,83,100,3.79,PG,1674460478
274,baykit,61.67,96.37,-24.97,96,100,1.8,RU,1674460478
275,corinto,37.9407,22.9573,15.5,64,0,1.79,GR,1674460479
276,lyuban,52.7985,28.0048,2.86,84,100,2.2,BY,1674460479
277,sechura,-5.5569,-80.8222,21.31,78,37,2.16,PE,1674460479
278,kruisfontein,-34.0033,24.7314,28.27,47,0,3.7,ZA,1674460479
279,union,40.6334,-74.2663,4.38,95,100,2.68,US,1674460479
280,moron,-34.6534,-58.6198,23.88,67,1,2.98,AR,1674460480
281,svetlopolyansk,59.4184,52.3605,-9.04,96,90,1.24,RU,1674460480
282,bowen,-20.0167,148.2333,26.86,72,51,5.96,AU,1674460480
283,mashhad,36.297,59.6062,2.08,60,5,3.09,IR,1674460480
284,buala,-8.145,159.5921,27.24,80,99,2.03,SB,1674460481
285,cidreira,-30.1811,-50.2056,22.31,87,0,1.86,BR,1674460481
286,san-pedro,4.7485,-6.6363,25.85,83,62,2.36,CI,1674460481
287,severo-kurilsk,50.6789,156.125,-9.11,64,55,4.23,RU,1674460482
288,mecca,21.4267,39.8261,25.66,55,0,0.63,SA,1674460201
289,zhangjiakou,40.81,114.8794,-15.86,33,4,9.5,CN,1674460344
290,tautira,-17.7333,-149.15,24.54,74,100,4.6,PF,1674460482
291,pohrebyshche,49.4864,29.2636,0.66,73,17,3.88,UA,1674460482
292,coihaique,-45.5752,-72.0662,9.97,71,0,2.57,CL,1674460482
293,kloulklubed,7.0419,134.2556,24.9,90,100,8.06,PW,1674460482
294,ulladulla,-35.35,150.4667,20.7,69,10,3.89,AU,1674460193
295,barcelos,41.5388,-8.6151,4.36,69,3,2.27,PT,1674460483
296,nome,64.5011,-165.4064,-16.96,60,0,11.32,US,1674460483
297,san buenaventura,13.3034,-4.8956,24.27,16,42,2.51,ML,1674460452
298,kerman,30.2832,57.0788,2.92,52,40,0.0,IR,1674460483
299,berekum,7.4534,-2.584,24.47,77,11,2.51,GH,1674460484
300,busko-zdroj,50.4708,20.7188,2.65,100,100,2.58,PL,1674460484
301,sao filipe,20.5113,76.2129,27.96,23,47,5.12,IN,1674460484
302,kapit,2.0167,112.9333,29.16,78,100,1.35,MY,1674460484
303,chanika,-5.4167,38.0167,28.53,53,100,2.32,TZ,1674460485
304,willowmore,-33.2926,23.4895,26.13,49,1,4.64,ZA,1674460485
305,port lincoln,-7.0349,29.7638,24.62,63,94,1.1,CD,1674460485
306,ancud,-41.8697,-73.8203,12.48,93,2,1.91,CL,1674460485
307,pacific grove,38.482,-90.7415,1.88,84,98,3.1,US,1674460485
308,jardim,-21.4803,-56.1381,21.45,98,100,1.17,BR,1674460485
309,bethel,41.3712,-73.414,3.2,86,100,0.89,US,1674460486
310,shubarshi,48.5872,57.1869,-5.57,62,28,3.18,KZ,1674460486
311,bandarbeyla,9.4942,50.8122,26.15,63,60,8.69,SO,1674460487
312,tulsipur,28.131,82.2973,24.66,18,0,4.19,NP,1674460202
313,banjar,-8.19,114.9675,30.13,64,42,1.54,ID,1674460487
314,gamba,-2.65,10.0,25.91,86,100,0.61,GA,1674460487
315,guerrero negro,17.6667,-100.0,15.75,83,0,1.97,MX,1674460488
316,sayansk,54.1088,102.1648,-29.99,82,63,4.11,RU,1674460488
317,saint-georges,12.0564,-61.7485,25.82,78,20,9.77,GD,1674460488
318,puri,19.8,85.85,31.29,49,25,2.84,IN,1674460488
319,cabedelo,-6.9811,-34.8339,25.37,83,11,3.89,BR,1674460488
320,sal rei,32.5694,35.9119,15.9,48,2,3.81,JO,1674460489
321,portland,45.5234,-122.6762,5.51,93,75,2.57,US,1674460317
322,razole,16.4833,81.8333,29.62,36,41,4.04,IN,1674460489
323,zhigansk,66.7697,123.3711,-40.89,99,80,1.66,RU,1674460489
324,porto novo,41.1496,-8.611,4.0,78,0,2.24,PT,1674460489
325,aflao,6.116,1.1914,28.07,83,75,3.09,TG,1674460489
326,tupelo,34.2576,-88.7034,6.16,86,100,0.0,US,1674460489
327,jumla,29.2747,82.1838,12.64,11,47,2.14,NP,1674460390
328,alofi,-19.0595,-169.9187,25.94,89,49,1.54,NU,1674460490
329,natori,38.1691,140.8823,2.95,60,40,1.54,JP,1674460490
330,porangatu,-13.4408,-49.1486,20.45,97,100,0.56,BR,1674460490
331,mbigou,-1.9005,11.906,22.5,89,98,1.76,GA,1674460490
332,zhoucheng,35.9122,116.3117,2.1,45,83,8.43,CN,1674460490
333,bellevue,47.6104,-122.2007,4.2,94,100,2.06,US,1674460490
334,uyuni,-20.4597,-66.825,11.91,56,100,1.03,BO,1674460491
335,samandag,36.0842,35.9771,15.3,60,0,4.11,TR,1674460491
336,wake forest,35.7835,-78.6331,6.77,94,100,3.09,US,1674460491
337,ovalle,-30.5983,-71.2003,19.37,73,0,1.67,CL,1674460491
338,pisco,-13.7,-76.2167,21.03,78,56,1.03,PE,1674460491
339,belaya gora,49.029,25.7706,2.46,80,84,3.94,UA,1674460491
340,cardston,49.2,-113.3019,-2.84,79,9,1.54,CA,1674460491
341,dingle,10.9995,122.6711,25.58,85,100,4.9,PH,1674460492
342,fatehabad,29.5167,75.45,22.66,26,3,3.35,IN,1674460492
343,khandyga,62.6667,135.6,-50.57,100,93,0.69,RU,1674460492
344,tiznit,29.5833,-9.5,11.2,42,0,1.48,MA,1674460492
345,missoula,47.0166,-113.8009,-13.29,96,95,0.92,US,1674460492
346,cabo san lucas,-8.2833,-35.0333,26.96,87,2,2.28,BR,1674460492
347,san borja,13.3034,-4.8956,24.27,16,42,2.51,ML,1674460455
348,margate,51.3813,1.3862,5.39,78,98,2.24,GB,1674460493
349,diamantino,-14.4086,-56.4461,21.03,97,76,1.9,BR,1674460493
350,tomatlan,19.9333,-105.25,17.51,95,11,1.54,MX,1674460493
351,uralets,57.6614,59.6497,-10.58,93,89,1.81,RU,1674460493
352,marfino,55.7028,37.3822,-3.24,85,100,3.0,RU,1674460493
353,along,28.1667,94.7667,23.41,30,41,0.83,IN,1674460493
354,whitehorse,60.7161,-135.0538,-2.57,86,75,5.14,CA,1674460494
355,killybegs,54.6333,-8.45,6.84,93,77,3.0,IE,1674460494
356,louis trichardt,0.408,9.4328,25.97,94,40,2.06,GA,1674460494
357,lithgow,-33.4833,150.15,16.42,88,28,1.59,AU,1674460494
358,tongchuan,35.0806,109.0897,-0.64,17,100,8.69,CN,1674460494
359,chumikan,54.7183,135.315,-29.54,84,99,6.1,RU,1674460495
360,nanortalik,60.1432,-45.2371,-4.81,59,100,4.15,GL,1674460495
361,yabrud,33.9674,36.6574,8.06,51,0,1.59,SY,1674460495
362,rajauri,33.3833,74.3,13.81,47,28,2.72,IN,1674460495
363,charcas,23.1333,-101.1167,9.21,84,90,4.25,MX,1674460496
364,stanovoye,52.7638,38.3582,-3.05,72,93,3.69,RU,1674460496
365,nishihara,26.1842,127.7558,21.03,73,75,3.6,JP,1674460496
366,mananjary,-21.2167,48.3333,23.9,93,100,2.65,MG,1674460496
367,male,4.1748,73.5089,30.97,70,40,6.17,MV,1674460454
368,beni suef,0.5,29.4667,27.41,38,100,1.1,CD,1674460497
369,mugur-aksy,50.35,90.5,-18.13,71,100,3.22,RU,1674460497
370,newport,51.5877,-2.9984,2.06,92,100,1.53,GB,1674460497
371,adrar,20.5022,-10.0711,13.68,17,0,4.45,MR,1674460497
372,montrose,38.4166,-108.2673,-8.64,93,100,1.52,US,1674460498
373,vestmanna,62.1564,-7.1664,6.51,100,100,6.17,FO,1674460498
374,yiyang,28.5892,112.3283,12.02,42,100,6.05,CN,1674460498
375,husavik,66.0449,-17.3389,-7.2,68,22,7.15,IS,1674460498
376,sao joao da barra,20.5113,76.2129,27.96,23,47,5.12,IN,1674460484
377,manokwari,-0.8667,134.0833,23.94,92,100,0.93,ID,1674460499
378,lata,40.1629,-8.3327,2.18,64,0,1.96,PT,1674460499
379,mattru,7.6244,-11.8332,22.67,85,24,1.11,SL,1674460499
380,greenfield,42.9614,-88.0126,-7.08,85,100,2.57,US,1674460499
381,faanui,-16.4833,-151.75,26.66,66,100,3.12,PF,1674460499
382,sur,22.5667,59.5289,21.4,38,0,6.3,OM,1674460500
383,jalu,29.0331,21.5482,13.61,34,0,4.13,LY,1674460500
384,xiongzhou,25.1167,114.3,13.84,74,100,3.48,CN,1674460500
385,yulara,-25.2406,130.9889,36.32,16,44,5.14,AU,1674460500
386,berlevag,70.8578,29.0864,1.0,64,0,14.4,NO,1674460500
387,dong hoi,4.895,12.0057,26.71,50,96,0.4,CM,1674460500
388,independence,39.0911,-94.4155,-2.31,90,6,0.45,US,1674460501
389,wadi musa,17.0667,76.9833,29.73,28,70,4.1,IN,1674460501
390,artyom,40.4723,50.333,6.08,57,4,4.69,AZ,1674460501
391,northam,51.0333,-4.2167,4.78,87,100,3.28,GB,1674460501
392,teacapan,22.55,-105.75,17.67,90,5,1.85,MX,1674460501
393,wajima,37.4,136.9,6.38,93,75,2.06,JP,1674460272
394,aklavik,68.2191,-135.0107,-23.09,91,100,5.3,CA,1674460502
395,kita,13.0349,-9.4895,22.82,20,51,1.04,ML,1674460502
396,kobryn,52.2138,24.3564,1.97,96,93,2.01,BY,1674460502
397,brandfort,-28.7001,26.4597,22.67,21,7,8.37,ZA,1674460502
398,tigil,57.8,158.6667,-30.73,96,6,0.93,RU,1674460502
399,inta,66.0317,60.1659,-6.59,93,100,8.7,RU,1674460502
400,kaabong,3.4836,34.1492,25.72,32,100,7.81,UG,1674460503
401,anadyr,64.75,177.4833,-22.72,63,0,3.0,RU,1674460503
402,talaya,61.3833,152.75,-31.64,99,100,2.76,RU,1674460503
403,purificacion,3.8587,-74.9313,21.87,71,75,0.74,CO,1674460503
404,zaysan,47.4667,84.8667,-18.85,82,7,1.15,KZ,1674460503
405,tamuin,21.9833,-98.75,17.94,75,100,2.22,MX,1674460504
406,lincoln,40.8,-96.667,-8.88,91,56,1.34,US,1674460504
407,itoman,26.1247,127.6694,21.43,73,75,3.6,JP,1674460504
408,amahai,-3.3333,128.9167,29.45,67,34,3.95,ID,1674460504
409,mitsamiouli,-11.3847,43.2844,25.58,87,100,8.42,KM,1674460505
410,hwange,-18.3693,26.5019,19.42,95,100,1.68,ZW,1674460505
411,tazmalt,36.3868,4.3989,3.55,91,100,1.1,DZ,1674460505
412,strezhevoy,60.7333,77.5889,-11.87,96,88,4.6,RU,1674460505
413,taos,36.4072,-105.5731,-0.78,55,0,6.17,US,1674460505
414,pionerskiy,54.9508,20.2275,-1.09,84,71,4.37,RU,1674460505
415,ahipara,-35.1667,173.1667,18.13,78,99,2.44,NZ,1674460506
416,boa vista,4.4296,8.9742,28.16,71,99,0.27,CM,1674460506
417,nataga,2.5436,-75.8085,14.08,83,39,1.4,CO,1674460506
418,itarantim,-15.6597,-40.0656,20.04,93,100,1.24,BR,1674460506
419,llanes,43.4198,-4.7549,6.05,67,68,0.27,ES,1674460506
420,altamont,42.2068,-121.7372,-1.23,71,68,1.34,US,1674460506
421,kenitra,34.261,-6.5802,2.42,80,0,2.15,MA,1674460507
422,dalbandin,28.8947,64.4101,7.52,27,0,3.05,PK,1674460507
423,solhan,38.9634,41.0293,3.82,51,0,2.36,TR,1674460507
424,ayan,56.45,138.1667,-30.27,62,100,4.96,RU,1674460507
425,cam ranh,-38.9838,-67.8222,20.12,28,0,3.93,AR,1674460507
426,matay,28.419,30.7792,16.31,64,0,5.86,EG,1674460508
427,beyneu,45.3167,55.2,1.45,25,0,4.78,KZ,1674460508
428,guangshui,31.6199,113.9978,8.31,58,75,7.89,CN,1674460508
429,atbasar,51.8,68.3333,-9.49,91,90,3.71,KZ,1674460508
430,holly hill,42.792,-83.6277,-1.19,95,95,0.45,US,1674460509
431,ucluelet,48.9329,-125.5528,6.16,87,100,1.34,CA,1674460509
432,valley station,45.1277,-116.1262,-9.66,94,53,1.8,US,1674460509
433,laguna,38.421,-121.4238,10.16,46,0,9.77,US,1674460509
434,luena,-11.7833,19.9167,21.63,67,100,5.05,AO,1674460509
435,vanimo,-2.6741,141.3028,27.5,78,100,1.97,PG,1674460510
436,maputo,-25.9653,32.5892,29.82,66,40,5.14,MZ,1674460370
437,amazar,53.858,120.875,-25.75,85,99,2.14,RU,1674460510
438,russell,32.3502,-85.1999,7.78,87,75,2.06,US,1674460510
439,valparaiso,-33.0393,-71.6273,17.49,100,75,1.54,CL,1674460510
440,meadow lake,45.5291,-102.2163,-0.15,88,100,7.84,US,1674460510
441,kjollefjord,70.9457,27.3465,0.9,69,0,8.23,NO,1674460510
442,izumo,35.3667,132.7667,8.94,76,75,1.03,JP,1674460368
443,ambilobe,-13.2,49.05,27.78,73,92,3.65,MG,1674460511
444,boke,10.9409,-14.2967,18.89,83,2,0.49,GN,1674460511
445,serenje,-13.2325,30.2352,16.18,97,100,4.27,ZM,1674460511
446,eureka,40.8021,-124.1637,8.29,81,32,2.68,US,1674460511
447,nizhniy odes,45.3926,39.2364,3.32,64,7,6.26,RU,1674460511
448,castletown,53.0281,-9.0686,6.27,93,99,1.58,IE,1674460512
449,port blair,-7.0349,29.7638,24.62,63,94,1.1,CD,1674460429
450,xuddur,4.1213,43.8894,30.0,37,5,9.41,SO,1674460512
451,oktyabrskiy,54.4815,53.471,-9.01,88,6,1.16,RU,1674460513
452,formoso do araguaia,-14.9467,-46.2319,19.61,94,100,0.65,BR,1674460513
453,joensuu,62.6012,29.7632,-7.73,93,100,3.6,FI,1674460513
454,vostok,46.4856,135.8833,-26.61,100,100,1.11,RU,1674460513
455,peniche,39.3558,-9.3811,5.81,84,0,5.18,PT,1674460513
456,taltal,-25.4,-70.4833,19.28,82,87,0.94,CL,1674460513
457,cheyenne,41.14,-104.8203,-4.45,86,100,4.92,US,1674460514
458,mingaora,34.7758,72.3625,10.12,61,69,0.74,PK,1674460514
459,alugan,12.2188,125.4808,26.85,81,63,6.77,PH,1674460514
460,oussouye,12.485,-16.5469,18.61,80,0,2.5,SN,1674460515
461,sanmenxia,34.7747,111.1814,1.52,22,82,8.93,CN,1674460515
462,urgut,39.4022,67.2431,-5.21,75,98,1.65,UZ,1674460515
463,riyadh,24.6877,46.7219,15.08,45,83,6.33,SA,1674460255
464,baturaja,-4.1333,104.1667,25.15,87,100,1.23,ID,1674460515
465,pskov,57.8136,28.3496,-4.05,100,100,2.0,RU,1674460515
466,kizukuri,40.8061,140.3861,-0.59,83,100,1.27,JP,1674460515
467,mweka,-4.85,21.5667,22.05,90,100,0.81,CD,1674460516
468,parabel,58.6978,81.4825,-10.45,94,98,1.89,RU,1674460516
469,nabire,-3.3667,135.4833,26.07,90,100,2.15,ID,1674460516
470,teguise,29.0605,-13.564,15.12,72,40,4.63,ES,1674460516
471,oranjemund,-28.55,16.4333,20.03,71,2,5.46,NA,1674460516
472,labuhan,-6.8844,112.2051,28.5,74,100,4.25,ID,1674460517
473,bermejillo,25.8833,-103.6167,10.02,21,12,2.53,MX,1674460517
474,glazov,58.1394,52.6584,-12.2,95,90,0.69,RU,1674460517
475,paamiut,61.994,-49.6678,-7.36,72,99,7.43,GL,1674460518
476,amboasary,-25.0333,46.3833,30.76,55,100,7.64,MG,1674460518
477,colares,38.7992,-9.4469,7.66,47,0,9.83,PT,1674460518
478,kropotkin,45.4375,40.5756,4.65,62,10,8.28,RU,1674460519
479,ondjiva,-17.0667,15.7333,20.02,88,75,3.6,AO,1674460519
480,tocopilla,-22.092,-70.1979,20.84,82,21,1.61,CL,1674460519
481,kildinstroy,68.8049,33.1,-5.83,73,0,4.0,RU,1674460519
482,nekhayevskiy,50.4106,41.7561,-3.55,82,100,4.45,RU,1674460519
483,sale,34.0389,-6.8166,9.8,100,0,0.0,MA,1674460519
484,socota,6.0403,-72.6351,7.27,93,100,1.14,CO,1674460520
485,zenzeli,45.9241,47.0474,1.91,56,3,8.71,RU,1674460520
486,grindavik,63.8424,-22.4338,0.26,69,0,2.06,IS,1674460520
487,buraydah,26.326,43.975,17.25,37,61,3.87,SA,1674460520
488,mindelheim,48.05,10.4833,-1.88,86,100,5.14,DE,1674460520
489,nanga eboko,27.5409,88.622,18.1,41,98,3.28,IN,1674460520
490,arica,-18.475,-70.3042,21.13,64,0,3.6,CL,1674460520
491,namatanai,-3.6667,152.4333,27.21,77,100,3.95,PG,1674460521
492,boende,-0.2167,20.8667,30.75,45,98,1.62,CD,1674460521
493,hondo,32.45,130.2,10.52,70,95,6.73,JP,1674460292
494,playa vicente,23.0929,-82.4543,23.15,88,35,3.43,CU,1674460521
495,vila,42.0304,-8.1588,-3.51,91,1,2.24,PT,1674460521
496,graham,47.0529,-122.2943,2.67,94,78,1.55,US,1674460521
497,kamenka,51.3223,42.7678,-4.07,72,95,3.77,RU,1674460521
498,kargasok,59.0556,80.8572,-9.99,95,97,2.86,RU,1674460522
499,nansio,-2.1333,33.05,24.11,60,14,2.48,TZ,1674460522
500,giyani,-23.3025,30.7187,27.21,59,100,3.93,ZA,1674460522
501,adre,13.4667,22.2,24.83,12,14,7.2,TD,1674460522
502,codrington,-38.2667,141.9667,19.4,77,59,6.3,AU,1674460522
503,mineros,-17.1167,-63.2333,24.54,80,93,2.3,BO,1674460523
504,beeville,28.4008,-97.7483,7.21,65,0,2.57,US,1674460523
505,chernigovka,44.3389,132.5728,-24.32,96,99,1.02,RU,1674460523
506,canico,32.6333,-16.85,17.62,73,40,8.23,PT,1674460523
507,koszalin,54.1944,16.1722,0.07,75,58,2.12,PL,1674460523
508,rawah,34.4816,41.9093,14.12,38,0,0.93,IQ,1674460523
509,sabha,27.0377,14.4283,13.73,21,0,1.55,LY,1674460523
510,damietta,31.4165,31.8133,15.94,65,0,5.4,EG,1674460524
511,nanchong,30.7951,106.0847,12.81,38,91,3.47,CN,1674460362
512,kathu,7.9178,98.3332,30.9,62,62,1.05,TH,1674460524
513,kununurra,-15.7667,128.7333,35.99,49,100,4.12,AU,1674460524
514,kurikka,62.6167,22.4167,-3.02,89,22,5.0,FI,1674460524
515,maine-soroa,13.2114,12.0241,24.03,13,95,4.2,NE,1674460524
516,tiksi,71.6872,128.8694,-33.28,97,100,2.34,RU,1674460506
517,okhotsk,59.3833,143.3,-28.55,87,56,3.09,RU,1674460488
518,malm,64.0721,11.2172,5.44,94,100,1.72,NO,1674460525
519,nerang,-27.9833,153.3333,27.88,69,13,1.79,AU,1674460525
520,bilibino,68.0546,166.4372,-25.32,91,100,1.83,RU,1674460525
521,santa eulalia del rio,17.486,120.4348,28.54,61,97,3.33,PH,1674460525
522,taperoa,-7.2075,-36.8267,21.15,89,19,1.87,BR,1674460526
523,mount isa,53.6597,-1.8537,3.78,89,100,1.17,GB,1674460526
524,lagoa,39.05,-27.9833,15.5,86,28,12.82,PT,1674460526
525,nisia floresta,39.3942,21.6373,9.68,88,95,1.34,GR,1674460526
526,tura,25.5198,90.2201,24.88,30,100,2.5,IN,1674460526
527,keti bandar,40.8737,43.8448,-2.38,51,75,2.06,AM,1674460526
528,baracoa,20.3467,-74.4958,24.49,81,52,2.53,CU,1674460527
529,zaranj,30.9667,61.8833,5.98,37,0,5.31,AF,1674460527
530,hornepayne,49.2138,-84.7705,-8.11,95,88,2.99,CA,1674460527
531,milkovo,54.7167,158.6167,-22.95,90,100,0.58,RU,1674460527
532,hovd,48.0056,91.6419,-19.23,51,43,2.21,MN,1674460309
533,timmins,48.4669,-81.3331,-5.1,93,100,0.0,CA,1674460528
534,hun,29.1268,15.9477,13.35,22,0,3.47,LY,1674460528
535,baft,29.234,56.6057,2.34,51,10,4.34,IR,1674460528
536,ploemeur,47.7333,-3.4333,3.3,93,3,2.57,FR,1674460528
537,udachnyy,66.4167,112.4,-37.41,92,100,1.52,RU,1674460528
538,naze,28.3667,129.4833,18.51,76,75,5.39,JP,1674460528
539,bara,10.3744,10.7288,24.88,16,100,3.2,NG,1674460528
540,bafra,41.5678,35.9069,13.17,69,5,1.15,TR,1674460529
541,guangyuan,32.442,105.823,8.08,22,42,7.89,CN,1674460529
542,takaka,-40.85,172.8,18.64,85,64,2.1,NZ,1674460529
543,eyl,7.9803,49.8164,27.87,55,12,10.02,SO,1674460529
544,santa isabel,17.486,120.4348,28.54,61,97,3.33,PH,1674460529
545,cedral,23.8,-100.7333,8.52,91,30,5.64,MX,1674460529
546,tongren,27.7172,109.1853,5.19,96,100,1.81,CN,1674460529
547,port-cartier,50.0334,-66.8654,-9.18,96,96,1.08,CA,1674460530
548,soyo,-6.1349,12.3689,26.98,79,100,0.88,AO,1674460530
549,kyren,51.6828,102.1408,-20.85,74,19,1.28,RU,1674460530
550,santa catarina de tepehuanes,17.486,120.4348,28.54,61,97,3.33,PH,1674460529
551,nuevo progreso,33.8014,-117.1459,11.0,29,0,5.36,US,1674460472
552,mpongwe,-13.5091,28.155,18.02,98,100,2.72,ZM,1674460530
553,rocha,-34.4833,-54.3333,18.33,89,31,1.19,UY,1674460530
554,coos bay,43.1665,-124.0015,2.29,96,13,1.82,US,1674460531
555,otaru,43.1894,141.0022,-4.77,81,100,2.91,JP,1674460531
556,tuy hoa,14.0183,120.7296,28.52,60,100,5.99,PH,1674460531
557,kendari,-3.945,122.4989,28.38,77,93,0.83,ID,1674460531
558,imeni morozova,7.3199,5.9646,26.94,67,64,0.84,NG,1674460532
559,burns lake,43.5863,-119.0541,-12.87,94,16,2.7,US,1674460532
560,saint-francois,46.4154,3.9054,0.38,93,100,4.63,FR,1674460532
